{
  "miscellaneous": {
    "smoothLayerDecorator": true,
    "strataRegionSize": 600,
    "strataDecorator": true,
    "oreCompatibleStoneOnly": true,
    "erosionDecorator": true,
    "plainStoneErosion": false,
    "naturalSnowDecorator": true,
    "customBiomeFeatures": true,
    "vanillaLakes": false,
    "vanillaSprings": true,
    "vanillaLavaLakes": true,
    "vanillaLavaSprings": true,
    "mountainBiomeUsage": 0.398,
    "volcanoBiomeUsage": 0.4
  },
  "dimensions": {
    "bedrockLayer": {
      "material": "minecraft:bedrock",
      "minDepth": 1,
      "variance": 1
    },
    "dimensions": {
      "nether": "byg:world",
      "end": "byg:world",
      "includeExtraDimensions": true
    }
  },
  "structures": {
    "stronghold": {
      "distance": 32,
      "spread": 3,
      "count": 128,
      "salt": 0,
      "disabled": false
    },
    "structures": {
      "astralsorcery:ancient_shrine": {
        "spacing": 18,
        "separation": 4,
        "salt": 682195674,
        "disabled": false
      },
      "astralsorcery:desert_shrine": {
        "spacing": 18,
        "separation": 4,
        "salt": 1384822269,
        "disabled": false
      },
      "astralsorcery:small_shrine": {
        "spacing": 18,
        "separation": 4,
        "salt": 1549795925,
        "disabled": false
      },
      "minecraft:buried_treasure": {
        "spacing": 1,
        "separation": 0,
        "salt": 0,
        "disabled": false
      },
      "minecraft:desert_pyramid": {
        "spacing": 32,
        "separation": 8,
        "salt": 14357617,
        "disabled": false
      },
      "minecraft:igloo": {
        "spacing": 32,
        "separation": 8,
        "salt": 14357618,
        "disabled": false
      },
      "minecraft:jungle_pyramid": {
        "spacing": 32,
        "separation": 8,
        "salt": 14357619,
        "disabled": false
      },
      "minecraft:mansion": {
        "spacing": 80,
        "separation": 20,
        "salt": 10387319,
        "disabled": false
      },
      "minecraft:monument": {
        "spacing": 32,
        "separation": 5,
        "salt": 10387313,
        "disabled": false
      },
      "minecraft:nether_fossil": {
        "spacing": 2,
        "separation": 1,
        "salt": 14357921,
        "disabled": false
      },
      "minecraft:ocean_ruin": {
        "spacing": 20,
        "separation": 8,
        "salt": 14357621,
        "disabled": false
      },
      "minecraft:pillager_outpost": {
        "spacing": 32,
        "separation": 8,
        "salt": 165745296,
        "disabled": false
      },
      "minecraft:ruined_portal": {
        "spacing": 40,
        "separation": 15,
        "salt": 34222645,
        "disabled": false
      },
      "minecraft:shipwreck": {
        "spacing": 24,
        "separation": 4,
        "salt": 165745295,
        "disabled": false
      },
      "minecraft:swamp_hut": {
        "spacing": 32,
        "separation": 8,
        "salt": 14357620,
        "disabled": false
      },
      "minecraft:village": {
        "spacing": 32,
        "separation": 8,
        "salt": 10387312,
        "disabled": false
      },
      "quark:big_dungeon": {
        "spacing": 20,
        "separation": 11,
        "salt": 79234823,
        "disabled": false
      },
      "valhelsia_structures:castle": {
        "spacing": 40,
        "separation": 8,
        "salt": 16987356,
        "disabled": false
      },
      "valhelsia_structures:castle_ruin": {
        "spacing": 35,
        "separation": 8,
        "salt": 14357618,
        "disabled": false
      },
      "valhelsia_structures:desert_house": {
        "spacing": 30,
        "separation": 8,
        "salt": 14862926,
        "disabled": false
      },
      "valhelsia_structures:forge": {
        "spacing": 30,
        "separation": 8,
        "salt": 12857691,
        "disabled": false
      },
      "valhelsia_structures:player_house": {
        "spacing": 30,
        "separation": 8,
        "salt": 17357645,
        "disabled": false
      },
      "valhelsia_structures:small_dungeon": {
        "spacing": 30,
        "separation": 8,
        "salt": 23498567,
        "disabled": false
      },
      "valhelsia_structures:tower_ruin": {
        "spacing": 35,
        "separation": 8,
        "salt": 24357670,
        "disabled": false
      }
    }
  },
  "world": {
    "continent": {
      "continentType": "MULTI",
      "continentShape": "EUCLIDEAN",
      "continentScale": 3000,
      "continentJitter": 0.699
    },
    "controlPoints": {
      "deepOcean": 0.1,
      "shallowOcean": 0.25,
      "beach": 0.326,
      "coast": 0.448,
      "inland": 0.5
    },
    "properties": {
      "spawnType": "CONTINENT_CENTER",
      "worldHeight": 256,
      "seaLevel": 63
    }
  },
  "climate": {
    "temperature": {
      "seedOffset": 0,
      "scale": 8,
      "falloff": 3,
      "min": 0.0,
      "max": 0.98,
      "bias": 0.05
    },
    "moisture": {
      "seedOffset": 1394136543,
      "scale": 7,
      "falloff": 2,
      "min": 0.0,
      "max": 1.0,
      "bias": 0.0
    },
    "biomeShape": {
      "biomeSize": 236,
      "macroNoiseSize": 9,
      "biomeWarpScale": 500,
      "biomeWarpStrength": 135
    },
    "biomeEdgeShape": {
      "type": "SIMPLEX",
      "scale": 1,
      "octaves": 2,
      "gain": 0.5,
      "lacunarity": 2.65,
      "strength": 14
    }
  },
  "terrain": {
    "general": {
      "terrainSeedOffset": 147880459,
      "terrainRegionSize": 979,
      "globalVerticalScale": 0.98,
      "globalHorizontalScale": 1.0,
      "fancyMountains": true
    },
    "steppe": {
      "weight": 1.0,
      "baseScale": 1.0,
      "verticalScale": 1.0,
      "horizontalScale": 1.0
    },
    "plains": {
      "weight": 2.0,
      "baseScale": 1.0,
      "verticalScale": 1.0,
      "horizontalScale": 1.0
    },
    "hills": {
      "weight": 2.0,
      "baseScale": 1.0,
      "verticalScale": 1.0,
      "horizontalScale": 1.0
    },
    "dales": {
      "weight": 1.5,
      "baseScale": 1.0,
      "verticalScale": 1.0,
      "horizontalScale": 1.0
    },
    "plateau": {
      "weight": 1.5,
      "baseScale": 1.0,
      "verticalScale": 1.0,
      "horizontalScale": 1.0
    },
    "badlands": {
      "weight": 1.0,
      "baseScale": 1.0,
      "verticalScale": 1.0,
      "horizontalScale": 1.0
    },
    "torridonian": {
      "weight": 2.0,
      "baseScale": 1.0,
      "verticalScale": 1.0,
      "horizontalScale": 1.0
    },
    "mountains": {
      "weight": 2.5,
      "baseScale": 1.0,
      "verticalScale": 1.0,
      "horizontalScale": 1.0
    },
    "volcano": {
      "weight": 5.0,
      "baseScale": 1.0,
      "verticalScale": 1.0,
      "horizontalScale": 1.0
    }
  },
  "rivers": {
    "seedOffset": -35605178,
    "riverCount": 8,
    "mainRivers": {
      "bedDepth": 5,
      "minBankHeight": 0,
      "maxBankHeight": 2,
      "bedWidth": 20,
      "bankWidth": 50,
      "fade": 0.032
    },
    "branchRivers": {
      "bedDepth": 4,
      "minBankHeight": 1,
      "maxBankHeight": 4,
      "bedWidth": 5,
      "bankWidth": 14,
      "fade": 0.975
    },
    "lakes": {
      "chance": 0.209,
      "minStartDistance": 0.0,
      "maxStartDistance": 0.05,
      "depth": 10,
      "sizeMin": 75,
      "sizeMax": 150,
      "minBankHeight": 2,
      "maxBankHeight": 10
    },
    "wetlands": {
      "chance": 0.6,
      "sizeMin": 175,
      "sizeMax": 225
    }
  },
  "filters": {
    "erosion": {
      "dropletsPerChunk": 128,
      "dropletLifetime": 12,
      "dropletVolume": 0.699,
      "dropletVelocity": 0.699,
      "erosionRate": 0.5,
      "depositeRate": 0.5
    },
    "smoothing": {
      "iterations": 1,
      "smoothingRadius": 1.799,
      "smoothingRate": 0.898
    }
  }
}